timestamp,codigo_incidencia,motivo_rechazo,critica_completa,tipo_problema,evitar_soluciones,enfoque_recomendado,resolucion_tipo,resolucion_buzon,resolucion_solucion,resolucion_completa
2025-07-15T18:29:50.737643,MOCK_INC0003,"The proposed resolution jumps to a specific conclusion (MOCK_TYPE) without sufficient evidence from the incident history. The history indicates a verification of access permissions and a potential API version issue, not a specific type causing the problem.  The resolution is too presumptive.","The resolution lacks a clear connection to the incident details. The history shows a focus on permissions and API versions, suggesting a more investigative approach is needed before assigning a specific cause. Simply stating 'MOCK_TYPE' without justification is not a robust solution.",API,['cierre'],"Investigate the API version issue as suggested in the incident history.  Consider a manual investigation of the API calls and responses, or a more targeted API debugging step before resorting to a closure.",cierre,,No visualiza a sus beneficiarios debido a que la póliza consultada es de tipo MOCK_TYPE y no pueden verlos,"{'score': 0.7584952, 'metadata': {'COMPONENTE': 'Autorizaciones', 'DESCRIPCION': 'Titular no visualiza los beneficiarios de la póliza', 'TIPO INCIDENCIA': 'Dato', 'SOLUCIÓN': 'No visualiza a sus beneficiarios debido a que la póliza consultada es de tipo MOCK_TYPE y no pueden verlos', 'FECHA DE RESOLUCIÓN': None, 'RESOLUCION AUTOMÁTICA': 'cierre', 'BUZON REASIGNACION': None}, 'summary': 'El titular no visualiza a los beneficiarios de la póliza debido a que la póliza consultada es de tipo MOCK_TYPE.'}"
2025-07-15T18:38:19.141839,MOCK_INC0008,"The proposed resolution is overly simplistic and doesn't address the core issue described in the incident. The description states a download of an HTML file instead of navigating to a page. The resolution focuses on container issues, which is not directly related to the user's experience or the observed problem.","The resolution lacks detail and doesn't explain *why* the container issue was causing the HTML download. It doesn't consider the user's perspective or the specific functionality failing. A more appropriate response would involve investigating the front-end code, the routing, or the page rendering process. Simply stating a container issue was fixed is insufficient without understanding the root cause and how it manifested in the user's experience.",UI,"['reasignacion', 'api|actualizaXXX', 'backend_data_updates']","Investigate the front-end code responsible for rendering the OM page. This should include checking the routing, the page template, and any JavaScript that might be involved in the navigation. Consider using browser developer tools to inspect the network requests and page source.",reasignacion,MOCK_BUZON,El error derivaba de las contenedoras. Se le comunica y al modificar las páginas funciona correctamente,"{'score': 0.814746, 'metadata': {'COMPONENTE': 'Cuadro Médico', 'DESCRIPCION': 'Si entro en el CM público y pincho en OM, se me descarga el fichero de OM html no me va a la página', 'TIPO INCIDENCIA': 'Código Front', 'SOLUCIÓN': 'El error derivaba de las contenedoras. Se le comunica y al modificar las páginas funciona correctamente', 'FECHA DE RESOLUCIÓN': None, 'RESOLUCION AUTOMÁTICA': 'reasignacion', 'BUZON REASIGNACION': 'MOCK_BUZON'}, 'summary': 'Al acceder al Cuadro Médico público y seleccionar OM, el archivo HTML de OM no se carga, sino que se descarga directamente.'}"
2025-07-15T18:39:06.774181,MOCK_INC0008,"The proposed resolution is overly simplistic and doesn't address the core issue described in the incident. The description states a download of an HTML file instead of navigating to a page. The resolution focuses on container issues, which is not directly related to the user's experience or the observed problem.","The resolution lacks detail and doesn't explain *why* the container issue was causing the HTML download. It doesn't consider the user's perspective or the specific functionality failing. A more appropriate response would involve investigating the front-end code, the routing, or the page rendering process. Simply stating a container issue was fixed is insufficient without understanding the root cause and how it manifested in the user's experience.",UI,"['reasignacion', 'api|actualizaXXX', 'backend_data_updates']","Investigate the front-end code responsible for rendering the OM page. This should include checking the routing, the page template, and any JavaScript that might be involved in the navigation. Consider using browser developer tools to inspect the network requests and page source.",reasignacion,MOCK_BUZON,El error derivaba de las contenedoras. Se le comunica y al modificar las páginas funciona correctamente,"{'score': 0.814746, 'metadata': {'COMPONENTE': 'Cuadro Médico', 'DESCRIPCION': 'Si entro en el CM público y pincho en OM, se me descarga el fichero de OM html no me va a la página', 'TIPO INCIDENCIA': 'Código Front', 'SOLUCIÓN': 'El error derivaba de las contenedoras. Se le comunica y al modificar las páginas funciona correctamente', 'FECHA DE RESOLUCIÓN': None, 'RESOLUCION AUTOMÁTICA': 'reasignacion', 'BUZON REASIGNACION': 'MOCK_BUZON'}, 'summary': 'Al acceder al Cuadro Médico público y seleccionar OM, el archivo HTML de OM no se carga, sino que se descarga directamente.'}"
2025-07-15T18:39:54.560128,MOCK_INC0008,"The proposed resolution is overly simplistic and doesn't address the core issue described in the incident. The description states a download of an HTML file instead of navigating to a page. The resolution focuses on container issues, which is not directly related to the user's experience or the observed problem.","The resolution lacks detail and doesn't explain *why* the container issue was causing the HTML download. It doesn't consider the user's perspective or the specific functionality failing. A more appropriate response would involve investigating the front-end code, the routing, or the page rendering process. Simply stating a container issue was fixed is insufficient without understanding the root cause and how it manifested in the user's experience.",UI,"['reasignacion', 'api|actualizaXXX', 'backend_data_updates']","Investigate the front-end code responsible for rendering the OM page. This should include checking the routing, the page template, and any JavaScript that might be involved in the navigation. Consider using browser developer tools to inspect the network requests and page source.",reasignacion,MOCK_BUZON,El error derivaba de las contenedoras. Se le comunica y al modificar las páginas funciona correctamente,"{'score': 0.814746, 'metadata': {'COMPONENTE': 'Cuadro Médico', 'DESCRIPCION': 'Si entro en el CM público y pincho en OM, se me descarga el fichero de OM html no me va a la página', 'TIPO INCIDENCIA': 'Código Front', 'SOLUCIÓN': 'El error derivaba de las contenedoras. Se le comunica y al modificar las páginas funciona correctamente', 'FECHA DE RESOLUCIÓN': None, 'RESOLUCION AUTOMÁTICA': 'reasignacion', 'BUZON REASIGNACION': 'MOCK_BUZON'}, 'summary': 'Al acceder al Cuadro Médico público y seleccionar OM, el archivo HTML de OM no se carga, sino que se descarga directamente.'}"
2025-07-15T18:43:30.239887,MOCK_INC0010,"The proposed resolution is a manual intervention based on a trace, but doesn't address the root cause or provide a clear path forward. It simply states the NIF wasn't found in Active Directory without suggesting any investigation or corrective action.","The resolution lacks detail and doesn't offer a plan. A manual resolution should involve steps to verify the NIF exists in Active Directory, check user permissions, or investigate potential Active Directory synchronization issues. The 'manual' resolution type is appropriate given the lack of automated options, but the description of the action is insufficient.",Backend,['manual'],A more appropriate approach would be to initiate a manual investigation focusing on Active Directory verification and user permissions. The resolution should include steps like: 1) Confirming the NIF exists in Active Directory. 2) Verifying the user's Active Directory group memberships. 3) Checking for any synchronization delays between Active Directory and the system.,manual,,,"{'score': 0.7838342, 'metadata': {'COMPONENTE': 'Autorizaciones', 'DESCRIPCION': ""Error para solicitar autorizacion con traza 'Se ha capturado una FunctionalException: Cn [MOCK_NIF] dont found in active directory'"", 'TIPO INCIDENCIA': None, 'SOLUCIÓN': None, 'FECHA DE RESOLUCIÓN': None, 'RESOLUCION AUTOMÁTICA': 'manual', 'BUZON REASIGNACION': None}, 'summary': 'Se produjo un error al solicitar autorización, específicamente debido a que el NIF (MOCK_NIF) no fue encontrado en Active Directory.'}"
2025-07-15T18:45:44.166822,MOCK_INC0011,The proposed resolution is a re-assignment and doesn't address the root cause of the download error. It simply passes the issue to another team without investigating the underlying problem.,"The incident description clearly indicates an error during document download. A more appropriate response would involve investigating the system logs, checking the document storage location, or attempting to manually download the documents to diagnose the issue. Re-assigning the incident without investigation is a reactive approach and doesn't contribute to a resolution.",Data,['reasignacion'],"Investigate the document storage location, check system logs for errors related to document retrieval, or attempt a manual download to diagnose the issue. Consider a 'data' resolution type with steps to retrieve or validate the documents.",reasignacion,MOCK_BUZON,Derivar a MOCK_BUZON. Se deriva a este equipo para que suba los documentos del cliente en caso de no existir,"{'score': 0.77880055, 'metadata': {'COMPONENTE': 'Reembolsos', 'DESCRIPCION': 'No carga documentación particular de la póliza', 'TIPO INCIDENCIA': 'Dato', 'SOLUCIÓN': 'Derivar a MOCK_BUZON. Se deriva a este equipo para que suba los documentos del cliente en caso de no existir', 'FECHA DE RESOLUCIÓN': None, 'RESOLUCION AUTOMÁTICA': 'reasignacion', 'BUZON REASIGNACION': 'MOCK_BUZON'}, 'summary': 'La aplicación no carga la documentación específica de la póliza.\n'}"
2025-07-15T18:52:22.580463,MOCK_INC0015,"The proposed resolution is overly simplistic and doesn't address the core issue of accepting special characters. The incident description explicitly states the problem is with special characters, not just double quotes. A manual resolution focusing solely on replacing double quotes is unlikely to resolve the underlying problem and may introduce new issues.",The resolution lacks a comprehensive approach. It needs to investigate the allowed characters in the 'Médico Realizador' field. A more appropriate solution would involve reviewing the field's validation rules or potentially implementing a character filtering mechanism. Simply replacing double quotes is a band-aid solution.,UI,"['manual', 'backend_data_updates']",Investigate the field's validation rules or implement a character filtering mechanism. Consider a UI update to clearly communicate allowed characters or a backend validation change to reject invalid input.,manual,,Se modificaran las comas dobles por simples,"{'score': 0.6561103, 'metadata': {'COMPONENTE': 'Autorizaciones', 'DESCRIPCION': 'El campo de Medico Realizador no admite comillas dobles', 'TIPO INCIDENCIA': 'Front', 'SOLUCIÓN': 'Se modificaran las comas dobles por simples', 'FECHA DE RESOLUCIÓN': None, 'RESOLUCION AUTOMÁTICA': 'manual', 'BUZON REASIGNACION': None}, 'summary': 'El campo de Médico Realizador no permite el uso de comillas dobles.'}"
2025-07-15T20:38:37.885774,MOCK_INC0003,"The proposed resolution jumps to a specific conclusion (MOCK_TYPE) without sufficient evidence from the incident history. The history indicates a verification of access permissions and a potential API version issue, not a specific type causing the problem.  The resolution is too presumptive.","The resolution lacks a clear connection to the incident details. The history shows a focus on permissions and API versions, suggesting a more investigative approach is needed before assigning a specific cause. Simply stating 'MOCK_TYPE' without justification is not a robust solution.",API,['cierre'],"Investigate the API version issue as suggested in the incident history.  Consider a manual investigation of the API calls and responses, or a more targeted API debugging step before resorting to a closure.",cierre,,No visualiza a sus beneficiarios debido a que la póliza consultada es de tipo MOCK_TYPE y no pueden verlos,"{'score': 0.7584952, 'metadata': {'COMPONENTE': 'Autorizaciones', 'DESCRIPCION': 'Titular no visualiza los beneficiarios de la póliza', 'TIPO INCIDENCIA': 'Dato', 'SOLUCIÓN': 'No visualiza a sus beneficiarios debido a que la póliza consultada es de tipo MOCK_TYPE y no pueden verlos', 'FECHA DE RESOLUCIÓN': None, 'RESOLUCION AUTOMÁTICA': 'cierre', 'BUZON REASIGNACION': None}, 'summary': 'El titular no visualiza a los beneficiarios de la póliza debido a que la póliza consultada es de tipo MOCK_TYPE.'}"
2025-07-15T20:46:47.400854,MOCK_INC0008,"The proposed resolution is overly simplistic and doesn't address the core issue described in the incident. The description states a download of an HTML file instead of navigating to a page. The resolution focuses on container issues, which is not directly related to the user's experience or the observed problem.","The resolution lacks detail and doesn't explain *why* the container issue was causing the HTML download. It doesn't consider the user's perspective or the specific functionality failing. A more appropriate response would involve investigating the front-end code, the routing, or the page rendering process. Simply stating a container issue was fixed is insufficient without understanding the root cause and how it manifested in the user's experience.",UI,"['reasignacion', 'api|actualizaXXX', 'backend_data_updates']","Investigate the front-end code responsible for rendering the OM page. This should include checking the routing, the page template, and any JavaScript that might be involved in the navigation. Consider using browser developer tools to inspect the network requests and page source.",reasignacion,MOCK_BUZON,El error derivaba de las contenedoras. Se le comunica y al modificar las páginas funciona correctamente,"{'score': 0.814746, 'metadata': {'COMPONENTE': 'Cuadro Médico', 'DESCRIPCION': 'Si entro en el CM público y pincho en OM, se me descarga el fichero de OM html no me va a la página', 'TIPO INCIDENCIA': 'Código Front', 'SOLUCIÓN': 'El error derivaba de las contenedoras. Se le comunica y al modificar las páginas funciona correctamente', 'FECHA DE RESOLUCIÓN': None, 'RESOLUCION AUTOMÁTICA': 'reasignacion', 'BUZON REASIGNACION': 'MOCK_BUZON'}, 'summary': 'Al acceder al Cuadro Médico público y seleccionar OM, el archivo HTML de OM no se carga, sino que se descarga directamente.'}"
2025-07-15T20:47:32.987758,MOCK_INC0008,"The proposed resolution is overly simplistic and doesn't address the core issue described in the incident. The description states a download of an HTML file instead of navigating to a page. The resolution focuses on container issues, which is not directly related to the user's experience or the observed problem.","The resolution lacks detail and doesn't explain *why* the container issue was causing the HTML download. It doesn't consider the user's perspective or the specific functionality failing. A more appropriate response would involve investigating the front-end code, the routing, or the page rendering process. Simply stating a container issue was fixed is insufficient without understanding the root cause and how it manifested in the user's experience.",UI,"['reasignacion', 'api|actualizaXXX', 'backend_data_updates']","Investigate the front-end code responsible for rendering the OM page. This should include checking the routing, the page template, and any JavaScript that might be involved in the navigation. Consider using browser developer tools to inspect the network requests and page source.",reasignacion,MOCK_BUZON,El error derivaba de las contenedoras. Se le comunica y al modificar las páginas funciona correctamente,"{'score': 0.814746, 'metadata': {'COMPONENTE': 'Cuadro Médico', 'DESCRIPCION': 'Si entro en el CM público y pincho en OM, se me descarga el fichero de OM html no me va a la página', 'TIPO INCIDENCIA': 'Código Front', 'SOLUCIÓN': 'El error derivaba de las contenedoras. Se le comunica y al modificar las páginas funciona correctamente', 'FECHA DE RESOLUCIÓN': None, 'RESOLUCION AUTOMÁTICA': 'reasignacion', 'BUZON REASIGNACION': 'MOCK_BUZON'}, 'summary': 'Al acceder al Cuadro Médico público y seleccionar OM, el archivo HTML de OM no se carga, sino que se descarga directamente.'}"
2025-07-15T20:48:18.750249,MOCK_INC0008,"The proposed resolution is overly simplistic and doesn't address the core issue described in the incident. The description states a download of an HTML file instead of navigating to a page. The resolution focuses on container issues, which is not directly related to the user's experience or the observed problem.","The resolution lacks detail and doesn't explain *why* the container issue was causing the HTML download. It doesn't consider the user's perspective or the specific functionality failing. A more appropriate response would involve investigating the front-end code, the routing, or the page rendering process. Simply stating a container issue was fixed is insufficient without understanding the root cause and how it manifested in the user's experience.",UI,"['reasignacion', 'api|actualizaXXX', 'backend_data_updates']","Investigate the front-end code responsible for rendering the OM page. This should include checking the routing, the page template, and any JavaScript that might be involved in the navigation. Consider using browser developer tools to inspect the network requests and page source.",reasignacion,MOCK_BUZON,El error derivaba de las contenedoras. Se le comunica y al modificar las páginas funciona correctamente,"{'score': 0.814746, 'metadata': {'COMPONENTE': 'Cuadro Médico', 'DESCRIPCION': 'Si entro en el CM público y pincho en OM, se me descarga el fichero de OM html no me va a la página', 'TIPO INCIDENCIA': 'Código Front', 'SOLUCIÓN': 'El error derivaba de las contenedoras. Se le comunica y al modificar las páginas funciona correctamente', 'FECHA DE RESOLUCIÓN': None, 'RESOLUCION AUTOMÁTICA': 'reasignacion', 'BUZON REASIGNACION': 'MOCK_BUZON'}, 'summary': 'Al acceder al Cuadro Médico público y seleccionar OM, el archivo HTML de OM no se carga, sino que se descarga directamente.'}"
2025-07-15T20:51:46.117414,MOCK_INC0010,"The proposed resolution is a manual intervention based on a trace, but doesn't address the root cause or provide a clear path forward. It simply states the NIF wasn't found in Active Directory without suggesting any investigation or corrective action.","The resolution lacks detail and doesn't offer a plan. A manual resolution should involve steps to verify the NIF exists in Active Directory, check user permissions, or investigate potential Active Directory synchronization issues. The 'manual' resolution type is appropriate given the lack of automated options, but the description of the action is insufficient.",Backend,['manual'],A more appropriate approach would be to initiate a manual investigation focusing on Active Directory verification and user permissions. The resolution should include steps like: 1) Confirming the NIF exists in Active Directory. 2) Verifying the user's Active Directory group memberships. 3) Checking for any synchronization delays between Active Directory and the system.,manual,,,"{'score': 0.7838342, 'metadata': {'COMPONENTE': 'Autorizaciones', 'DESCRIPCION': ""Error para solicitar autorizacion con traza 'Se ha capturado una FunctionalException: Cn [MOCK_NIF] dont found in active directory'"", 'TIPO INCIDENCIA': None, 'SOLUCIÓN': None, 'FECHA DE RESOLUCIÓN': None, 'RESOLUCION AUTOMÁTICA': 'manual', 'BUZON REASIGNACION': None}, 'summary': 'Se produjo un error al solicitar autorización, específicamente debido a que el NIF (MOCK_NIF) no fue encontrado en Active Directory.'}"
2025-07-15T20:53:55.020617,MOCK_INC0011,The proposed resolution is a re-assignment and doesn't address the root cause of the download error. It simply passes the issue to another team without investigating the underlying problem.,"The incident description clearly indicates an error during document download. A more appropriate response would involve investigating the system logs, checking the document storage location, or attempting to manually download the documents to diagnose the issue. Re-assigning the incident without investigation is a reactive approach and doesn't contribute to a resolution.",Data,['reasignacion'],"Investigate the document storage location, check system logs for errors related to document retrieval, or attempt a manual download to diagnose the issue. Consider a 'data' resolution type with steps to retrieve or validate the documents.",reasignacion,MOCK_BUZON,Derivar a MOCK_BUZON. Se deriva a este equipo para que suba los documentos del cliente en caso de no existir,"{'score': 0.77880055, 'metadata': {'COMPONENTE': 'Reembolsos', 'DESCRIPCION': 'No carga documentación particular de la póliza', 'TIPO INCIDENCIA': 'Dato', 'SOLUCIÓN': 'Derivar a MOCK_BUZON. Se deriva a este equipo para que suba los documentos del cliente en caso de no existir', 'FECHA DE RESOLUCIÓN': None, 'RESOLUCION AUTOMÁTICA': 'reasignacion', 'BUZON REASIGNACION': 'MOCK_BUZON'}, 'summary': 'La aplicación no carga la documentación específica de la póliza.\n'}"
2025-07-15T21:00:19.278385,MOCK_INC0015,"The proposed resolution is overly simplistic and doesn't address the core issue of accepting special characters. The incident description explicitly states the problem is with special characters, not just double quotes. A manual resolution focusing solely on replacing double quotes is unlikely to resolve the underlying problem and may introduce new issues.",The resolution lacks a comprehensive approach. It needs to investigate the allowed characters in the 'Médico Realizador' field. A more appropriate solution would involve reviewing the field's validation rules or potentially implementing a character filtering mechanism. Simply replacing double quotes is a band-aid solution.,UI,"['manual', 'backend_data_updates']",Investigate the field's validation rules or implement a character filtering mechanism. Consider a UI update to clearly communicate allowed characters or a backend validation change to reject invalid input.,manual,,Se modificaran las comas dobles por simples,"{'score': 0.6561103, 'metadata': {'COMPONENTE': 'Autorizaciones', 'DESCRIPCION': 'El campo de Medico Realizador no admite comillas dobles', 'TIPO INCIDENCIA': 'Front', 'SOLUCIÓN': 'Se modificaran las comas dobles por simples', 'FECHA DE RESOLUCIÓN': None, 'RESOLUCION AUTOMÁTICA': 'manual', 'BUZON REASIGNACION': None}, 'summary': 'El campo de Médico Realizador no permite el uso de comillas dobles.'}"
