timestamp,input,output
2025-07-09T18:10:48.142629,http://localhost:3000/api/adjuntos/imagen001.png,ison savings investment. your insurance MAPRE access promotions new.
2025-07-09T18:10:48.600061,http://localhost:3000/api/adjuntos/imagen002.png,cul your insurance MAPRE access promotions new.
2025-07-09T18:13:44.077456,http://localhost:3000/api/adjuntos/imagen003.png,cul your insurance MAPRE access promotions new.
2025-07-09T18:13:44.542085,http://localhost:3000/api/adjuntos/imagen004.png,cul your insurance MAPRE access promotions new.
2025-07-09T18:13:45.006054,http://localhost:3000/api/adjuntos/imagen005.png,cul your insurance MAPRE access promotions new.
2025-07-12T19:24:34.763776,http://localhost:3000/api/adjuntos/imagen001.png, application and settings MAPRE portal secure access network
2025-07-12T19:24:35.257931,http://localhost:3000/api/adjuntos/imagen002.png, about coverage health care individuals MAPRE policies services
2025-07-12T19:29:05.683173,http://localhost:3000/api/adjuntos/imagen003.png, about coverage roadside for insurance MAPRE access access access coverage
2025-07-12T19:29:06.236049,http://localhost:3000/api/adjuntos/imagen004.png, management and downloads MAPRE access digital onF. your.
2025-07-12T19:29:06.739861,http://localhost:3000/api/adjuntos/imagen005.png, management policy data MAPRE portal access your and your.
2025-07-12T19:48:24.086558,http://localhost:3000/api/adjuntos/imagen001.png, application and settings MAPRE portal secure access network
2025-07-12T19:48:24.549144,http://localhost:3000/api/adjuntos/imagen002.png, about coverage health care individuals MAPRE policies services
2025-07-12T19:53:01.616283,http://localhost:3000/api/adjuntos/imagen003.png, about coverage roadside for insurance MAPRE access access access coverage
2025-07-12T19:53:02.178681,http://localhost:3000/api/adjuntos/imagen004.png, management and downloads MAPRE access digital onF. your.
2025-07-12T19:53:02.700422,http://localhost:3000/api/adjuntos/imagen005.png, management policy data MAPRE portal access your and your.
2025-07-12T20:32:10.688394,http://localhost:3000/api/adjuntos/imagen001.png, application and settings MAPRE portal secure access network
2025-07-12T20:32:11.142094,http://localhost:3000/api/adjuntos/imagen002.png, about coverage health care individuals MAPRE policies services
2025-07-12T20:36:49.124100,http://localhost:3000/api/adjuntos/imagen003.png, about coverage roadside for insurance MAPRE access access access coverage
2025-07-12T20:36:49.670397,http://localhost:3000/api/adjuntos/imagen004.png, management and downloads MAPRE access digital onF. your.
2025-07-12T20:36:50.186808,http://localhost:3000/api/adjuntos/imagen005.png, management policy data MAPRE portal access your and your.
2025-07-12T23:49:23.846698,http://localhost:3000/api/adjuntos/imagen001.png, application and settings MAPRE portal secure access network
2025-07-12T23:49:24.305459,http://localhost:3000/api/adjuntos/imagen002.png, about coverage health care individuals MAPRE policies services
2025-07-12T23:54:01.354468,http://localhost:3000/api/adjuntos/imagen003.png, about coverage roadside for insurance MAPRE access access access coverage
2025-07-12T23:54:01.933120,http://localhost:3000/api/adjuntos/imagen004.png, management and downloads MAPRE access digital onF. your.
2025-07-12T23:54:02.450417,http://localhost:3000/api/adjuntos/imagen005.png, management policy data MAPRE portal access your and your.
2025-07-13T00:46:23.681046,http://localhost:3000/api/adjuntos/imagen001.png, application and settings MAPRE portal secure access network
2025-07-13T00:46:24.143751,http://localhost:3000/api/adjuntos/imagen002.png, about coverage health care individuals MAPRE policies services
2025-07-13T00:51:04.551951,http://localhost:3000/api/adjuntos/imagen003.png, about coverage roadside for insurance MAPRE access access access coverage
2025-07-13T00:51:05.127380,http://localhost:3000/api/adjuntos/imagen004.png, management and downloads MAPRE access digital onF. your.
2025-07-13T00:51:05.641614,http://localhost:3000/api/adjuntos/imagen005.png, management policy data MAPRE portal access your and your.
2025-07-13T12:54:24.847927,http://localhost:3000/api/adjuntos/imagen001.png, application and settings MAPRE portal secure access network
2025-07-13T12:54:25.272315,http://localhost:3000/api/adjuntos/imagen002.png, about coverage health care individuals MAPRE policies services
2025-07-13T12:59:02.937102,http://localhost:3000/api/adjuntos/imagen003.png, about coverage roadside for insurance MAPRE access access access coverage
2025-07-13T12:59:03.518641,http://localhost:3000/api/adjuntos/imagen004.png, management and downloads MAPRE access digital onF. your.
2025-07-13T12:59:04.039316,http://localhost:3000/api/adjuntos/imagen005.png, management policy data MAPRE portal access your and your.
2025-07-13T13:15:44.625957,http://localhost:3000/api/adjuntos/imagen001.png, application and settings MAPRE portal secure access network
2025-07-13T13:15:45.077952,http://localhost:3000/api/adjuntos/imagen002.png, about coverage health care individuals MAPRE policies services
2025-07-13T14:35:27.620690,http://localhost:3000/api/adjuntos/imagen001.png, application and settings MAPRE portal secure access network
2025-07-13T14:35:28.089828,http://localhost:3000/api/adjuntos/imagen002.png, about coverage health care individuals MAPRE policies services
2025-07-13T17:49:59.282536,http://localhost:3000/api/adjuntos/imagen001.png, application and settings MAPRE portal secure access network
2025-07-13T17:49:59.748709,http://localhost:3000/api/adjuntos/imagen002.png, about coverage health care individuals MAPRE policies services
2025-07-13T17:59:13.656602,http://localhost:3000/api/adjuntos/imagen001.png, application and settings MAPRE portal secure access network
2025-07-13T17:59:14.189467,http://localhost:3000/api/adjuntos/imagen002.png, about coverage health care individuals MAPRE policies services
2025-07-13T18:00:11.708230,http://localhost:3000/api/adjuntos/imagen001.png, application and settings MAPRE portal secure access network
2025-07-13T18:00:12.286984,http://localhost:3000/api/adjuntos/imagen002.png, about coverage health care individuals MAPRE policies services
2025-07-13T18:01:13.905701,http://localhost:3000/api/adjuntos/imagen003.png, about coverage roadside for insurance MAPRE access access access coverage
2025-07-13T18:01:14.462927,http://localhost:3000/api/adjuntos/imagen004.png, management and downloads MAPRE access digital onF. your.
2025-07-13T18:01:14.982506,http://localhost:3000/api/adjuntos/imagen005.png, management policy data MAPRE portal access your and your.
